name;type;dataset;repetition;value
SDP;compression_time;data/text.txt;0;30.000000
SDP;compression_time;data/text.txt;1;18.844000
SDP;compression_time;data/text.txt;2;15.955000
SDP;compression_time;data/text.txt;3;15.637000
SDP;compression_time;data/text.txt;4;15.960000
SDP;compression_time;data/text.txt;5;15.867000
SDP;compression_time;data/text.txt;6;15.892000
SDP;compression_time;data/text.txt;7;15.842000
SDP;compression_time;data/text.txt;8;15.863000
SDP;compression_time;data/text.txt;9;15.955000
SDP;compression_time;data/text.txt;10;15.804000
SDP;compression_time;data/text.txt;11;15.752000
SDP;compression_time;data/text.txt;12;15.768000
SDP;compression_time;data/text.txt;13;15.833000
SDP;compression_time;data/text.txt;14;15.721000
SDP;compression_time;data/text.txt;15;15.729000
SDP;compression_time;data/text.txt;16;15.710000
SDP;compression_time;data/text.txt;17;15.747000
SDP;compression_time;data/text.txt;18;15.793000
SDP;compression_time;data/text.txt;19;15.776000
SDP;compression_time;data/text.txt;20;15.758000
SDP;compression_time;data/text.txt;21;15.730000
SDP;compression_time;data/text.txt;22;15.756000
SDP;compression_time;data/text.txt;23;15.739000
SDP;compression_time;data/text.txt;24;15.758000
SDP;compression_time;data/text.txt;25;15.796000
SDP;compression_time;data/text.txt;26;15.734000
SDP;compression_time;data/text.txt;27;15.830000
SDP;compression_time;data/text.txt;28;15.815000
SDP;compression_time;data/text.txt;29;15.726000
SDP;compression_time;data/text.txt;30;15.716000
SDP;compression_time;data/text.txt;31;15.761000
SDP;compression_time;data/text.txt;32;15.806000
SDP;compression_time;data/text.txt;33;15.716000
SDP;compression_time;data/text.txt;34;15.758000
SDP;compression_time;data/text.txt;35;15.631000
SDP;compression_time;data/text.txt;36;15.723000
SDP;compression_time;data/text.txt;37;15.784000
SDP;compression_time;data/text.txt;38;15.750000
SDP;compression_time;data/text.txt;39;15.734000
SDP;compression_time;data/text.txt;40;15.716000
SDP;compression_time;data/text.txt;41;15.793000
SDP;compression_time;data/text.txt;42;15.725000
SDP;compression_time;data/text.txt;43;15.876000
SDP;compression_time;data/text.txt;44;15.741000
SDP;compression_time;data/text.txt;45;15.910000
SDP;compression_time;data/text.txt;46;15.722000
SDP;compression_time;data/text.txt;47;15.774000
SDP;compression_time;data/text.txt;48;15.748000
SDP;compression_time;data/text.txt;49;15.718000
SDP;compression_time;data/text.txt;50;15.822000
SDP;compression_time;data/text.txt;51;15.759000
SDP;compression_time;data/text.txt;52;15.734000
SDP;compression_time;data/text.txt;53;15.741000
SDP;compression_time;data/text.txt;54;15.799000
SDP;compression_time;data/text.txt;55;15.845000
SDP;compression_time;data/text.txt;56;15.789000
SDP;compression_time;data/text.txt;57;15.740000
SDP;compression_time;data/text.txt;58;15.776000
SDP;compression_time;data/text.txt;59;15.504000
SDP;compression_time;data/text.txt;60;15.714000
SDP;compression_time;data/text.txt;61;15.738000
SDP;compression_time;data/text.txt;62;15.801000
SDP;compression_time;data/text.txt;63;15.802000
SDP;compression_time;data/text.txt;64;15.779000
SDP;compression_time;data/text.txt;65;15.830000
SDP;compression_time;data/text.txt;66;15.615000
SDP;compression_time;data/text.txt;67;15.622000
SDP;compression_time;data/text.txt;68;15.801000
SDP;compression_time;data/text.txt;69;15.742000
SDP;compression_time;data/text.txt;70;15.830000
SDP;compression_time;data/text.txt;71;15.802000
SDP;compression_time;data/text.txt;72;15.795000
SDP;compression_time;data/text.txt;73;15.719000
SDP;compression_time;data/text.txt;74;15.723000
SDP;compression_time;data/text.txt;75;15.775000
SDP;compression_time;data/text.txt;76;15.738000
SDP;compression_time;data/text.txt;77;15.790000
SDP;compression_time;data/text.txt;78;15.732000
SDP;compression_time;data/text.txt;79;15.723000
SDP;compression_time;data/text.txt;80;15.882000
SDP;compression_time;data/text.txt;81;15.960000
SDP;compression_time;data/text.txt;82;15.919000
SDP;compression_time;data/text.txt;83;15.735000
SDP;compression_time;data/text.txt;84;15.780000
SDP;compression_time;data/text.txt;85;15.776000
SDP;compression_time;data/text.txt;86;15.738000
SDP;compression_time;data/text.txt;87;15.788000
SDP;compression_time;data/text.txt;88;15.762000
SDP;compression_time;data/text.txt;89;15.882000
SDP;compression_time;data/text.txt;90;15.600000
SDP;compression_time;data/text.txt;91;15.600000
SDP;compression_time;data/text.txt;92;15.867000
SDP;compression_time;data/text.txt;93;15.842000
SDP;compression_time;data/text.txt;94;15.577000
SDP;compression_time;data/text.txt;95;15.656000
SDP;compression_time;data/text.txt;96;15.859000
SDP;compression_time;data/text.txt;97;16.013000
SDP;compression_time;data/text.txt;98;20.060000
SDP;compression_time;data/text.txt;99;16.608000
SDP;dataset_size;data/text.txt;0;543
SDP;compressed_size;data/text.txt;0;435
SDP;random_access_time;data/text.txt;0;0.067450
SDP;random_access_time;data/text.txt;1;0.065880
SDP;random_access_time;data/text.txt;2;0.065770
SDP;random_access_time;data/text.txt;3;0.066410
SDP;random_access_time;data/text.txt;4;0.065860
SDP;random_access_time;data/text.txt;5;0.066200
SDP;random_access_time;data/text.txt;6;0.070740
SDP;random_access_time;data/text.txt;7;0.070590
SDP;random_access_time;data/text.txt;8;0.065910
SDP;random_access_time;data/text.txt;9;0.066410
SDP;random_access_time;data/text.txt;10;0.065660
SDP;random_access_time;data/text.txt;11;0.065570
SDP;random_access_time;data/text.txt;12;0.065350
SDP;random_access_time;data/text.txt;13;0.065490
SDP;random_access_time;data/text.txt;14;0.065790
SDP;random_access_time;data/text.txt;15;0.065340
SDP;random_access_time;data/text.txt;16;0.065600
SDP;random_access_time;data/text.txt;17;0.065830
SDP;random_access_time;data/text.txt;18;0.065480
SDP;random_access_time;data/text.txt;19;0.065700
SDP;random_access_time;data/text.txt;20;0.065500
SDP;random_access_time;data/text.txt;21;0.065290
SDP;random_access_time;data/text.txt;22;0.065490
SDP;random_access_time;data/text.txt;23;0.065180
SDP;random_access_time;data/text.txt;24;0.065560
SDP;random_access_time;data/text.txt;25;0.065630
SDP;random_access_time;data/text.txt;26;0.065350
SDP;random_access_time;data/text.txt;27;0.065670
SDP;random_access_time;data/text.txt;28;0.065560
SDP;random_access_time;data/text.txt;29;0.065700
SDP;random_access_time;data/text.txt;30;0.065710
SDP;random_access_time;data/text.txt;31;0.065430
SDP;random_access_time;data/text.txt;32;0.065840
SDP;random_access_time;data/text.txt;33;0.065780
SDP;random_access_time;data/text.txt;34;0.066030
SDP;random_access_time;data/text.txt;35;0.065480
SDP;random_access_time;data/text.txt;36;0.065740
SDP;random_access_time;data/text.txt;37;0.065690
SDP;random_access_time;data/text.txt;38;0.065540
SDP;random_access_time;data/text.txt;39;0.065500
SDP;random_access_time;data/text.txt;40;0.065620
SDP;random_access_time;data/text.txt;41;0.065260
SDP;random_access_time;data/text.txt;42;0.065450
SDP;random_access_time;data/text.txt;43;0.065930
SDP;random_access_time;data/text.txt;44;0.065570
SDP;random_access_time;data/text.txt;45;0.065640
SDP;random_access_time;data/text.txt;46;0.065570
SDP;random_access_time;data/text.txt;47;0.065310
SDP;random_access_time;data/text.txt;48;0.065540
SDP;random_access_time;data/text.txt;49;0.065300
SDP;random_access_time;data/text.txt;50;0.065520
SDP;random_access_time;data/text.txt;51;0.065420
SDP;random_access_time;data/text.txt;52;0.066340
SDP;random_access_time;data/text.txt;53;0.065300
SDP;random_access_time;data/text.txt;54;0.065740
SDP;random_access_time;data/text.txt;55;0.066010
SDP;random_access_time;data/text.txt;56;0.065630
SDP;random_access_time;data/text.txt;57;0.066130
SDP;random_access_time;data/text.txt;58;0.065560
SDP;random_access_time;data/text.txt;59;0.065580
SDP;random_access_time;data/text.txt;60;0.065640
SDP;random_access_time;data/text.txt;61;0.065590
SDP;random_access_time;data/text.txt;62;0.066030
SDP;random_access_time;data/text.txt;63;0.065680
SDP;random_access_time;data/text.txt;64;0.065770
SDP;random_access_time;data/text.txt;65;0.065920
SDP;random_access_time;data/text.txt;66;0.065460
SDP;random_access_time;data/text.txt;67;0.065790
SDP;random_access_time;data/text.txt;68;0.065580
SDP;random_access_time;data/text.txt;69;0.065650
SDP;random_access_time;data/text.txt;70;0.066270
SDP;random_access_time;data/text.txt;71;0.065160
SDP;random_access_time;data/text.txt;72;0.066080
SDP;random_access_time;data/text.txt;73;0.065500
SDP;random_access_time;data/text.txt;74;0.065610
SDP;random_access_time;data/text.txt;75;0.065600
SDP;random_access_time;data/text.txt;76;0.065530
SDP;random_access_time;data/text.txt;77;0.065520
SDP;random_access_time;data/text.txt;78;0.065490
SDP;random_access_time;data/text.txt;79;0.065700
SDP;random_access_time;data/text.txt;80;0.065970
SDP;random_access_time;data/text.txt;81;0.065400
SDP;random_access_time;data/text.txt;82;0.065460
SDP;random_access_time;data/text.txt;83;0.065530
SDP;random_access_time;data/text.txt;84;0.065790
SDP;random_access_time;data/text.txt;85;0.066400
SDP;random_access_time;data/text.txt;86;0.065590
SDP;random_access_time;data/text.txt;87;0.065440
SDP;random_access_time;data/text.txt;88;0.065370
SDP;random_access_time;data/text.txt;89;0.065140
SDP;random_access_time;data/text.txt;90;0.065990
SDP;random_access_time;data/text.txt;91;0.066080
SDP;random_access_time;data/text.txt;92;0.065570
SDP;random_access_time;data/text.txt;93;0.064730
SDP;random_access_time;data/text.txt;94;0.065250
SDP;random_access_time;data/text.txt;95;0.065050
SDP;random_access_time;data/text.txt;96;0.064950
SDP;random_access_time;data/text.txt;97;0.065390
SDP;random_access_time;data/text.txt;98;0.064670
SDP;random_access_time;data/text.txt;99;0.064910
SDP;sequential_access_time;data/text.txt;0;0.000000
SDP;sequential_access_time;data/text.txt;1;0.000000
SDP;sequential_access_time;data/text.txt;2;0.000000
SDP;sequential_access_time;data/text.txt;3;0.000040
SDP;sequential_access_time;data/text.txt;4;0.000050
SDP;sequential_access_time;data/text.txt;5;0.000000
SDP;sequential_access_time;data/text.txt;6;0.000000
SDP;sequential_access_time;data/text.txt;7;0.000340
SDP;sequential_access_time;data/text.txt;8;0.000050
SDP;sequential_access_time;data/text.txt;9;0.000000
SDP;sequential_access_time;data/text.txt;10;0.000020
SDP;sequential_access_time;data/text.txt;11;0.000000
SDP;sequential_access_time;data/text.txt;12;0.000010
SDP;sequential_access_time;data/text.txt;13;0.000060
SDP;sequential_access_time;data/text.txt;14;0.000070
SDP;sequential_access_time;data/text.txt;15;0.000200
SDP;sequential_access_time;data/text.txt;16;0.000000
SDP;sequential_access_time;data/text.txt;17;0.000000
SDP;sequential_access_time;data/text.txt;18;0.000120
SDP;sequential_access_time;data/text.txt;19;0.000000
SDP;sequential_access_time;data/text.txt;20;0.000120
SDP;sequential_access_time;data/text.txt;21;0.000000
SDP;sequential_access_time;data/text.txt;22;0.000040
SDP;sequential_access_time;data/text.txt;23;0.000000
SDP;sequential_access_time;data/text.txt;24;0.000220
SDP;sequential_access_time;data/text.txt;25;0.000000
SDP;sequential_access_time;data/text.txt;26;0.000000
SDP;sequential_access_time;data/text.txt;27;0.000090
SDP;sequential_access_time;data/text.txt;28;0.000000
SDP;sequential_access_time;data/text.txt;29;0.000150
SDP;sequential_access_time;data/text.txt;30;0.000000
SDP;sequential_access_time;data/text.txt;31;0.000050
SDP;sequential_access_time;data/text.txt;32;0.000000
SDP;sequential_access_time;data/text.txt;33;0.000000
SDP;sequential_access_time;data/text.txt;34;0.000160
SDP;sequential_access_time;data/text.txt;35;0.000000
SDP;sequential_access_time;data/text.txt;36;0.000090
SDP;sequential_access_time;data/text.txt;37;0.000000
SDP;sequential_access_time;data/text.txt;38;0.000070
SDP;sequential_access_time;data/text.txt;39;0.000000
SDP;sequential_access_time;data/text.txt;40;0.000060
SDP;sequential_access_time;data/text.txt;41;0.000000
SDP;sequential_access_time;data/text.txt;42;0.000090
SDP;sequential_access_time;data/text.txt;43;0.000020
SDP;sequential_access_time;data/text.txt;44;0.000040
SDP;sequential_access_time;data/text.txt;45;0.000050
SDP;sequential_access_time;data/text.txt;46;0.000000
SDP;sequential_access_time;data/text.txt;47;0.000000
SDP;sequential_access_time;data/text.txt;48;0.000050
SDP;sequential_access_time;data/text.txt;49;0.000000
SDP;sequential_access_time;data/text.txt;50;0.000000
SDP;sequential_access_time;data/text.txt;51;0.000020
SDP;sequential_access_time;data/text.txt;52;0.000000
SDP;sequential_access_time;data/text.txt;53;0.000000
SDP;sequential_access_time;data/text.txt;54;0.000130
SDP;sequential_access_time;data/text.txt;55;0.000070
SDP;sequential_access_time;data/text.txt;56;0.000060
SDP;sequential_access_time;data/text.txt;57;0.000030
SDP;sequential_access_time;data/text.txt;58;0.000000
SDP;sequential_access_time;data/text.txt;59;0.000000
SDP;sequential_access_time;data/text.txt;60;0.000000
SDP;sequential_access_time;data/text.txt;61;0.000060
SDP;sequential_access_time;data/text.txt;62;0.000090
SDP;sequential_access_time;data/text.txt;63;0.000000
SDP;sequential_access_time;data/text.txt;64;0.000050
SDP;sequential_access_time;data/text.txt;65;0.000000
SDP;sequential_access_time;data/text.txt;66;0.000140
SDP;sequential_access_time;data/text.txt;67;0.000060
SDP;sequential_access_time;data/text.txt;68;0.000000
SDP;sequential_access_time;data/text.txt;69;0.000050
SDP;sequential_access_time;data/text.txt;70;0.000090
SDP;sequential_access_time;data/text.txt;71;0.000160
SDP;sequential_access_time;data/text.txt;72;0.000080
SDP;sequential_access_time;data/text.txt;73;0.000070
SDP;sequential_access_time;data/text.txt;74;0.000000
SDP;sequential_access_time;data/text.txt;75;0.000050
SDP;sequential_access_time;data/text.txt;76;0.000100
SDP;sequential_access_time;data/text.txt;77;0.000000
SDP;sequential_access_time;data/text.txt;78;0.000000
SDP;sequential_access_time;data/text.txt;79;0.000000
SDP;sequential_access_time;data/text.txt;80;0.000000
SDP;sequential_access_time;data/text.txt;81;0.000060
SDP;sequential_access_time;data/text.txt;82;0.000240
SDP;sequential_access_time;data/text.txt;83;0.000000
SDP;sequential_access_time;data/text.txt;84;0.000000
SDP;sequential_access_time;data/text.txt;85;0.000000
SDP;sequential_access_time;data/text.txt;86;0.000070
SDP;sequential_access_time;data/text.txt;87;0.000070
SDP;sequential_access_time;data/text.txt;88;0.000000
SDP;sequential_access_time;data/text.txt;89;0.000130
SDP;sequential_access_time;data/text.txt;90;0.000000
SDP;sequential_access_time;data/text.txt;91;0.000160
SDP;sequential_access_time;data/text.txt;92;0.000280
SDP;sequential_access_time;data/text.txt;93;0.000000
SDP;sequential_access_time;data/text.txt;94;0.000000
SDP;sequential_access_time;data/text.txt;95;0.000230
SDP;sequential_access_time;data/text.txt;96;0.000080
SDP;sequential_access_time;data/text.txt;97;0.000490
SDP;sequential_access_time;data/text.txt;98;0.000000
SDP;sequential_access_time;data/text.txt;99;0.000110
DAC-1;compression_time;data/text.txt;0;10.625000
DAC-1;compression_time;data/text.txt;1;11.747000
DAC-1;compression_time;data/text.txt;2;9.849000
DAC-1;compression_time;data/text.txt;3;9.987000
DAC-1;compression_time;data/text.txt;4;10.809000
DAC-1;compression_time;data/text.txt;5;10.562000
DAC-1;compression_time;data/text.txt;6;10.263000
DAC-1;compression_time;data/text.txt;7;10.347000
DAC-1;compression_time;data/text.txt;8;11.607000
DAC-1;compression_time;data/text.txt;9;10.300000
DAC-1;compression_time;data/text.txt;10;11.976000
DAC-1;compression_time;data/text.txt;11;11.038000
DAC-1;compression_time;data/text.txt;12;9.897000
DAC-1;compression_time;data/text.txt;13;11.531000
DAC-1;compression_time;data/text.txt;14;10.058000
DAC-1;compression_time;data/text.txt;15;10.386000
DAC-1;compression_time;data/text.txt;16;10.853000
DAC-1;compression_time;data/text.txt;17;10.737000
DAC-1;compression_time;data/text.txt;18;10.007000
DAC-1;compression_time;data/text.txt;19;11.690000
DAC-1;compression_time;data/text.txt;20;9.731000
DAC-1;compression_time;data/text.txt;21;10.600000
DAC-1;compression_time;data/text.txt;22;12.148000
DAC-1;compression_time;data/text.txt;23;12.233000
DAC-1;compression_time;data/text.txt;24;10.448000
DAC-1;compression_time;data/text.txt;25;10.704000
DAC-1;compression_time;data/text.txt;26;11.082000
DAC-1;compression_time;data/text.txt;27;12.133000
DAC-1;compression_time;data/text.txt;28;10.071000
DAC-1;compression_time;data/text.txt;29;10.940000
DAC-1;compression_time;data/text.txt;30;10.011000
DAC-1;compression_time;data/text.txt;31;12.612000
DAC-1;compression_time;data/text.txt;32;11.497000
DAC-1;compression_time;data/text.txt;33;10.997000
DAC-1;compression_time;data/text.txt;34;11.377000
DAC-1;compression_time;data/text.txt;35;11.394000
DAC-1;compression_time;data/text.txt;36;10.834000
DAC-1;compression_time;data/text.txt;37;10.182000
DAC-1;compression_time;data/text.txt;38;10.651000
DAC-1;compression_time;data/text.txt;39;9.985000
DAC-1;compression_time;data/text.txt;40;10.221000
DAC-1;compression_time;data/text.txt;41;11.421000
DAC-1;compression_time;data/text.txt;42;10.161000
DAC-1;compression_time;data/text.txt;43;9.986000
DAC-1;compression_time;data/text.txt;44;10.215000
DAC-1;compression_time;data/text.txt;45;10.470000
DAC-1;compression_time;data/text.txt;46;11.079000
DAC-1;compression_time;data/text.txt;47;9.933000
DAC-1;compression_time;data/text.txt;48;11.491000
DAC-1;compression_time;data/text.txt;49;9.891000
DAC-1;compression_time;data/text.txt;50;11.154000
DAC-1;compression_time;data/text.txt;51;9.840000
DAC-1;compression_time;data/text.txt;52;9.834000
DAC-1;compression_time;data/text.txt;53;10.670000
DAC-1;compression_time;data/text.txt;54;11.154000
DAC-1;compression_time;data/text.txt;55;11.129000
DAC-1;compression_time;data/text.txt;56;9.830000
DAC-1;compression_time;data/text.txt;57;9.860000
DAC-1;compression_time;data/text.txt;58;9.527000
DAC-1;compression_time;data/text.txt;59;10.575000
DAC-1;compression_time;data/text.txt;60;9.814000
DAC-1;compression_time;data/text.txt;61;9.897000
DAC-1;compression_time;data/text.txt;62;9.848000
DAC-1;compression_time;data/text.txt;63;9.812000
DAC-1;compression_time;data/text.txt;64;10.685000
DAC-1;compression_time;data/text.txt;65;10.788000
DAC-1;compression_time;data/text.txt;66;9.817000
DAC-1;compression_time;data/text.txt;67;10.458000
DAC-1;compression_time;data/text.txt;68;9.806000
DAC-1;compression_time;data/text.txt;69;9.808000
DAC-1;compression_time;data/text.txt;70;10.014000
DAC-1;compression_time;data/text.txt;71;9.839000
DAC-1;compression_time;data/text.txt;72;9.672000
DAC-1;compression_time;data/text.txt;73;9.720000
DAC-1;compression_time;data/text.txt;74;9.704000
DAC-1;compression_time;data/text.txt;75;10.749000
DAC-1;compression_time;data/text.txt;76;9.969000
DAC-1;compression_time;data/text.txt;77;10.258000
DAC-1;compression_time;data/text.txt;78;11.575000
DAC-1;compression_time;data/text.txt;79;10.310000
DAC-1;compression_time;data/text.txt;80;9.656000
DAC-1;compression_time;data/text.txt;81;9.526000
DAC-1;compression_time;data/text.txt;82;9.763000
DAC-1;compression_time;data/text.txt;83;9.593000
DAC-1;compression_time;data/text.txt;84;9.669000
DAC-1;compression_time;data/text.txt;85;10.538000
DAC-1;compression_time;data/text.txt;86;10.100000
DAC-1;compression_time;data/text.txt;87;10.078000
DAC-1;compression_time;data/text.txt;88;9.912000
DAC-1;compression_time;data/text.txt;89;10.576000
DAC-1;compression_time;data/text.txt;90;10.408000
DAC-1;compression_time;data/text.txt;91;10.146000
DAC-1;compression_time;data/text.txt;92;10.327000
DAC-1;compression_time;data/text.txt;93;10.130000
DAC-1;compression_time;data/text.txt;94;10.341000
DAC-1;compression_time;data/text.txt;95;9.562000
DAC-1;compression_time;data/text.txt;96;9.703000
DAC-1;compression_time;data/text.txt;97;11.012000
DAC-1;compression_time;data/text.txt;98;10.774000
DAC-1;compression_time;data/text.txt;99;9.959000
DAC-1;dataset_size;data/text.txt;0;543
DAC-1;compressed_size;data/text.txt;0;543
DAC-1;random_access_time;data/text.txt;0;0.009960
DAC-1;random_access_time;data/text.txt;1;0.009730
DAC-1;random_access_time;data/text.txt;2;0.009850
DAC-1;random_access_time;data/text.txt;3;0.009850
DAC-1;random_access_time;data/text.txt;4;0.009760
DAC-1;random_access_time;data/text.txt;5;0.009760
DAC-1;random_access_time;data/text.txt;6;0.009780
DAC-1;random_access_time;data/text.txt;7;0.009610
DAC-1;random_access_time;data/text.txt;8;0.009730
DAC-1;random_access_time;data/text.txt;9;0.010700
DAC-1;random_access_time;data/text.txt;10;0.009730
DAC-1;random_access_time;data/text.txt;11;0.009600
DAC-1;random_access_time;data/text.txt;12;0.009780
DAC-1;random_access_time;data/text.txt;13;0.010440
DAC-1;random_access_time;data/text.txt;14;0.010930
DAC-1;random_access_time;data/text.txt;15;0.009730
DAC-1;random_access_time;data/text.txt;16;0.009800
DAC-1;random_access_time;data/text.txt;17;0.010960
DAC-1;random_access_time;data/text.txt;18;0.009610
DAC-1;random_access_time;data/text.txt;19;0.009730
DAC-1;random_access_time;data/text.txt;20;0.009820
DAC-1;random_access_time;data/text.txt;21;0.010940
DAC-1;random_access_time;data/text.txt;22;0.009730
DAC-1;random_access_time;data/text.txt;23;0.009740
DAC-1;random_access_time;data/text.txt;24;0.009930
DAC-1;random_access_time;data/text.txt;25;0.010930
DAC-1;random_access_time;data/text.txt;26;0.009730
DAC-1;random_access_time;data/text.txt;27;0.009730
DAC-1;random_access_time;data/text.txt;28;0.009940
DAC-1;random_access_time;data/text.txt;29;0.010930
DAC-1;random_access_time;data/text.txt;30;0.009730
DAC-1;random_access_time;data/text.txt;31;0.009730
DAC-1;random_access_time;data/text.txt;32;0.010280
DAC-1;random_access_time;data/text.txt;33;0.009920
DAC-1;random_access_time;data/text.txt;34;0.009600
DAC-1;random_access_time;data/text.txt;35;0.009480
DAC-1;random_access_time;data/text.txt;36;0.009700
DAC-1;random_access_time;data/text.txt;37;0.010470
DAC-1;random_access_time;data/text.txt;38;0.010400
DAC-1;random_access_time;data/text.txt;39;0.010430
DAC-1;random_access_time;data/text.txt;40;0.010320
DAC-1;random_access_time;data/text.txt;41;0.010390
DAC-1;random_access_time;data/text.txt;42;0.010340
DAC-1;random_access_time;data/text.txt;43;0.010330
DAC-1;random_access_time;data/text.txt;44;0.010060
DAC-1;random_access_time;data/text.txt;45;0.010860
DAC-1;random_access_time;data/text.txt;46;0.009670
DAC-1;random_access_time;data/text.txt;47;0.009760
DAC-1;random_access_time;data/text.txt;48;0.010240
DAC-1;random_access_time;data/text.txt;49;0.010420
DAC-1;random_access_time;data/text.txt;50;0.009670
DAC-1;random_access_time;data/text.txt;51;0.009670
DAC-1;random_access_time;data/text.txt;52;0.009660
DAC-1;random_access_time;data/text.txt;53;0.009940
DAC-1;random_access_time;data/text.txt;54;0.010350
DAC-1;random_access_time;data/text.txt;55;0.010350
DAC-1;random_access_time;data/text.txt;56;0.009620
DAC-1;random_access_time;data/text.txt;57;0.009860
DAC-1;random_access_time;data/text.txt;58;0.010300
DAC-1;random_access_time;data/text.txt;59;0.010300
DAC-1;random_access_time;data/text.txt;60;0.010670
DAC-1;random_access_time;data/text.txt;61;0.010390
DAC-1;random_access_time;data/text.txt;62;0.010330
DAC-1;random_access_time;data/text.txt;63;0.010330
DAC-1;random_access_time;data/text.txt;64;0.010810
DAC-1;random_access_time;data/text.txt;65;0.010480
DAC-1;random_access_time;data/text.txt;66;0.009480
DAC-1;random_access_time;data/text.txt;67;0.009480
DAC-1;random_access_time;data/text.txt;68;0.010720
DAC-1;random_access_time;data/text.txt;69;0.010330
DAC-1;random_access_time;data/text.txt;70;0.010330
DAC-1;random_access_time;data/text.txt;71;0.010490
DAC-1;random_access_time;data/text.txt;72;0.010820
DAC-1;random_access_time;data/text.txt;73;0.010340
DAC-1;random_access_time;data/text.txt;74;0.010030
DAC-1;random_access_time;data/text.txt;75;0.009700
DAC-1;random_access_time;data/text.txt;76;0.010540
DAC-1;random_access_time;data/text.txt;77;0.010390
DAC-1;random_access_time;data/text.txt;78;0.010330
DAC-1;random_access_time;data/text.txt;79;0.010590
DAC-1;random_access_time;data/text.txt;80;0.010330
DAC-1;random_access_time;data/text.txt;81;0.010130
DAC-1;random_access_time;data/text.txt;82;0.009490
DAC-1;random_access_time;data/text.txt;83;0.009980
DAC-1;random_access_time;data/text.txt;84;0.010330
DAC-1;random_access_time;data/text.txt;85;0.010330
DAC-1;random_access_time;data/text.txt;86;0.010340
DAC-1;random_access_time;data/text.txt;87;0.010550
DAC-1;random_access_time;data/text.txt;88;0.010540
DAC-1;random_access_time;data/text.txt;89;0.010750
DAC-1;random_access_time;data/text.txt;90;0.010940
DAC-1;random_access_time;data/text.txt;91;0.010880
DAC-1;random_access_time;data/text.txt;92;0.010670
DAC-1;random_access_time;data/text.txt;93;0.010390
DAC-1;random_access_time;data/text.txt;94;0.010450
DAC-1;random_access_time;data/text.txt;95;0.010390
DAC-1;random_access_time;data/text.txt;96;0.010390
DAC-1;random_access_time;data/text.txt;97;0.009900
DAC-1;random_access_time;data/text.txt;98;0.009840
DAC-1;random_access_time;data/text.txt;99;0.010390
DAC-1;sequential_access_time;data/text.txt;0;0.000070
DAC-1;sequential_access_time;data/text.txt;1;0.000000
DAC-1;sequential_access_time;data/text.txt;2;0.000050
DAC-1;sequential_access_time;data/text.txt;3;0.000000
DAC-1;sequential_access_time;data/text.txt;4;0.000070
DAC-1;sequential_access_time;data/text.txt;5;0.000130
DAC-1;sequential_access_time;data/text.txt;6;0.000000
DAC-1;sequential_access_time;data/text.txt;7;0.000080
DAC-1;sequential_access_time;data/text.txt;8;0.000030
DAC-1;sequential_access_time;data/text.txt;9;0.000080
DAC-1;sequential_access_time;data/text.txt;10;0.000030
DAC-1;sequential_access_time;data/text.txt;11;0.000000
DAC-1;sequential_access_time;data/text.txt;12;0.000000
DAC-1;sequential_access_time;data/text.txt;13;0.000000
DAC-1;sequential_access_time;data/text.txt;14;0.000050
DAC-1;sequential_access_time;data/text.txt;15;0.000200
DAC-1;sequential_access_time;data/text.txt;16;0.000110
DAC-1;sequential_access_time;data/text.txt;17;0.000110
DAC-1;sequential_access_time;data/text.txt;18;0.000000
DAC-1;sequential_access_time;data/text.txt;19;0.000190
DAC-1;sequential_access_time;data/text.txt;20;0.000070
DAC-1;sequential_access_time;data/text.txt;21;0.000000
DAC-1;sequential_access_time;data/text.txt;22;0.000000
DAC-1;sequential_access_time;data/text.txt;23;0.000000
DAC-1;sequential_access_time;data/text.txt;24;0.000010
DAC-1;sequential_access_time;data/text.txt;25;0.000050
DAC-1;sequential_access_time;data/text.txt;26;0.000000
DAC-1;sequential_access_time;data/text.txt;27;0.000000
DAC-1;sequential_access_time;data/text.txt;28;0.000040
DAC-1;sequential_access_time;data/text.txt;29;0.000000
DAC-1;sequential_access_time;data/text.txt;30;0.000000
DAC-1;sequential_access_time;data/text.txt;31;0.000000
DAC-1;sequential_access_time;data/text.txt;32;0.000000
DAC-1;sequential_access_time;data/text.txt;33;0.000020
DAC-1;sequential_access_time;data/text.txt;34;0.000000
DAC-1;sequential_access_time;data/text.txt;35;0.000020
DAC-1;sequential_access_time;data/text.txt;36;0.000120
DAC-1;sequential_access_time;data/text.txt;37;0.000000
DAC-1;sequential_access_time;data/text.txt;38;0.000020
DAC-1;sequential_access_time;data/text.txt;39;0.000050
DAC-1;sequential_access_time;data/text.txt;40;0.000010
DAC-1;sequential_access_time;data/text.txt;41;0.000000
DAC-1;sequential_access_time;data/text.txt;42;0.000000
DAC-1;sequential_access_time;data/text.txt;43;0.000020
DAC-1;sequential_access_time;data/text.txt;44;0.000000
DAC-1;sequential_access_time;data/text.txt;45;0.000000
DAC-1;sequential_access_time;data/text.txt;46;0.000000
DAC-1;sequential_access_time;data/text.txt;47;0.000020
DAC-1;sequential_access_time;data/text.txt;48;0.000020
DAC-1;sequential_access_time;data/text.txt;49;0.000130
DAC-1;sequential_access_time;data/text.txt;50;0.000000
DAC-1;sequential_access_time;data/text.txt;51;0.000000
DAC-1;sequential_access_time;data/text.txt;52;0.000120
DAC-1;sequential_access_time;data/text.txt;53;0.000030
DAC-1;sequential_access_time;data/text.txt;54;0.000000
DAC-1;sequential_access_time;data/text.txt;55;0.000020
DAC-1;sequential_access_time;data/text.txt;56;0.000000
DAC-1;sequential_access_time;data/text.txt;57;0.000140
DAC-1;sequential_access_time;data/text.txt;58;0.000090
DAC-1;sequential_access_time;data/text.txt;59;0.000070
DAC-1;sequential_access_time;data/text.txt;60;0.000000
DAC-1;sequential_access_time;data/text.txt;61;0.000090
DAC-1;sequential_access_time;data/text.txt;62;0.000000
DAC-1;sequential_access_time;data/text.txt;63;0.000030
DAC-1;sequential_access_time;data/text.txt;64;0.000000
DAC-1;sequential_access_time;data/text.txt;65;0.000000
DAC-1;sequential_access_time;data/text.txt;66;0.000020
DAC-1;sequential_access_time;data/text.txt;67;0.000190
DAC-1;sequential_access_time;data/text.txt;68;0.000080
DAC-1;sequential_access_time;data/text.txt;69;0.000100
DAC-1;sequential_access_time;data/text.txt;70;0.000000
DAC-1;sequential_access_time;data/text.txt;71;0.000000
DAC-1;sequential_access_time;data/text.txt;72;0.000060
DAC-1;sequential_access_time;data/text.txt;73;0.000370
DAC-1;sequential_access_time;data/text.txt;74;0.000000
DAC-1;sequential_access_time;data/text.txt;75;0.000000
DAC-1;sequential_access_time;data/text.txt;76;0.000000
DAC-1;sequential_access_time;data/text.txt;77;0.000500
DAC-1;sequential_access_time;data/text.txt;78;0.000000
DAC-1;sequential_access_time;data/text.txt;79;0.000050
DAC-1;sequential_access_time;data/text.txt;80;0.000030
DAC-1;sequential_access_time;data/text.txt;81;0.000000
DAC-1;sequential_access_time;data/text.txt;82;0.000040
DAC-1;sequential_access_time;data/text.txt;83;0.000060
DAC-1;sequential_access_time;data/text.txt;84;0.000060
DAC-1;sequential_access_time;data/text.txt;85;0.000000
DAC-1;sequential_access_time;data/text.txt;86;0.000000
DAC-1;sequential_access_time;data/text.txt;87;0.000000
DAC-1;sequential_access_time;data/text.txt;88;0.000060
DAC-1;sequential_access_time;data/text.txt;89;0.000090
DAC-1;sequential_access_time;data/text.txt;90;0.000000
DAC-1;sequential_access_time;data/text.txt;91;0.000000
DAC-1;sequential_access_time;data/text.txt;92;0.000030
DAC-1;sequential_access_time;data/text.txt;93;0.000000
DAC-1;sequential_access_time;data/text.txt;94;0.000040
DAC-1;sequential_access_time;data/text.txt;95;0.000020
DAC-1;sequential_access_time;data/text.txt;96;0.000000
DAC-1;sequential_access_time;data/text.txt;97;0.000040
DAC-1;sequential_access_time;data/text.txt;98;0.000040
DAC-1;sequential_access_time;data/text.txt;99;0.000050
DAC-4;compression_time;data/text.txt;0;15.878000
DAC-4;compression_time;data/text.txt;1;15.582000
DAC-4;compression_time;data/text.txt;2;17.276000
DAC-4;compression_time;data/text.txt;3;15.929000
DAC-4;compression_time;data/text.txt;4;15.249000
DAC-4;compression_time;data/text.txt;5;14.851000
DAC-4;compression_time;data/text.txt;6;15.205000
DAC-4;compression_time;data/text.txt;7;15.141000
DAC-4;compression_time;data/text.txt;8;14.671000
DAC-4;compression_time;data/text.txt;9;15.085000
DAC-4;compression_time;data/text.txt;10;14.671000
DAC-4;compression_time;data/text.txt;11;15.586000
DAC-4;compression_time;data/text.txt;12;14.703000
DAC-4;compression_time;data/text.txt;13;14.720000
DAC-4;compression_time;data/text.txt;14;14.989000
DAC-4;compression_time;data/text.txt;15;15.343000
DAC-4;compression_time;data/text.txt;16;15.480000
DAC-4;compression_time;data/text.txt;17;15.501000
DAC-4;compression_time;data/text.txt;18;15.197000
DAC-4;compression_time;data/text.txt;19;16.082000
DAC-4;compression_time;data/text.txt;20;14.672000
DAC-4;compression_time;data/text.txt;21;14.957000
DAC-4;compression_time;data/text.txt;22;15.197000
DAC-4;compression_time;data/text.txt;23;15.428000
DAC-4;compression_time;data/text.txt;24;15.429000
DAC-4;compression_time;data/text.txt;25;15.591000
DAC-4;compression_time;data/text.txt;26;14.836000
DAC-4;compression_time;data/text.txt;27;14.732000
DAC-4;compression_time;data/text.txt;28;15.595000
DAC-4;compression_time;data/text.txt;29;15.635000
DAC-4;compression_time;data/text.txt;30;15.258000
DAC-4;compression_time;data/text.txt;31;14.809000
DAC-4;compression_time;data/text.txt;32;15.183000
DAC-4;compression_time;data/text.txt;33;14.969000
DAC-4;compression_time;data/text.txt;34;15.395000
DAC-4;compression_time;data/text.txt;35;15.346000
DAC-4;compression_time;data/text.txt;36;15.113000
DAC-4;compression_time;data/text.txt;37;15.005000
DAC-4;compression_time;data/text.txt;38;15.141000
DAC-4;compression_time;data/text.txt;39;14.969000
DAC-4;compression_time;data/text.txt;40;15.082000
DAC-4;compression_time;data/text.txt;41;15.024000
DAC-4;compression_time;data/text.txt;42;15.574000
DAC-4;compression_time;data/text.txt;43;14.593000
DAC-4;compression_time;data/text.txt;44;16.156000
DAC-4;compression_time;data/text.txt;45;15.857000
DAC-4;compression_time;data/text.txt;46;15.602000
DAC-4;compression_time;data/text.txt;47;14.987000
DAC-4;compression_time;data/text.txt;48;14.860000
DAC-4;compression_time;data/text.txt;49;14.781000
DAC-4;compression_time;data/text.txt;50;15.088000
DAC-4;compression_time;data/text.txt;51;14.884000
DAC-4;compression_time;data/text.txt;52;14.955000
DAC-4;compression_time;data/text.txt;53;14.992000
DAC-4;compression_time;data/text.txt;54;15.333000
DAC-4;compression_time;data/text.txt;55;15.818000
DAC-4;compression_time;data/text.txt;56;15.640000
DAC-4;compression_time;data/text.txt;57;16.455000
DAC-4;compression_time;data/text.txt;58;14.686000
DAC-4;compression_time;data/text.txt;59;14.654000
DAC-4;compression_time;data/text.txt;60;14.893000
DAC-4;compression_time;data/text.txt;61;14.508000
DAC-4;compression_time;data/text.txt;62;14.699000
DAC-4;compression_time;data/text.txt;63;14.597000
DAC-4;compression_time;data/text.txt;64;15.229000
DAC-4;compression_time;data/text.txt;65;15.054000
DAC-4;compression_time;data/text.txt;66;15.118000
DAC-4;compression_time;data/text.txt;67;14.802000
DAC-4;compression_time;data/text.txt;68;14.894000
DAC-4;compression_time;data/text.txt;69;15.139000
DAC-4;compression_time;data/text.txt;70;14.686000
DAC-4;compression_time;data/text.txt;71;15.277000
DAC-4;compression_time;data/text.txt;72;14.694000
DAC-4;compression_time;data/text.txt;73;15.169000
DAC-4;compression_time;data/text.txt;74;14.709000
DAC-4;compression_time;data/text.txt;75;14.932000
DAC-4;compression_time;data/text.txt;76;14.691000
DAC-4;compression_time;data/text.txt;77;15.969000
DAC-4;compression_time;data/text.txt;78;14.636000
DAC-4;compression_time;data/text.txt;79;15.198000
DAC-4;compression_time;data/text.txt;80;15.534000
DAC-4;compression_time;data/text.txt;81;14.496000
DAC-4;compression_time;data/text.txt;82;14.812000
DAC-4;compression_time;data/text.txt;83;14.479000
DAC-4;compression_time;data/text.txt;84;14.764000
DAC-4;compression_time;data/text.txt;85;15.018000
DAC-4;compression_time;data/text.txt;86;14.987000
DAC-4;compression_time;data/text.txt;87;15.554000
DAC-4;compression_time;data/text.txt;88;15.173000
DAC-4;compression_time;data/text.txt;89;15.365000
DAC-4;compression_time;data/text.txt;90;15.555000
DAC-4;compression_time;data/text.txt;91;14.730000
DAC-4;compression_time;data/text.txt;92;14.989000
DAC-4;compression_time;data/text.txt;93;14.887000
DAC-4;compression_time;data/text.txt;94;15.265000
DAC-4;compression_time;data/text.txt;95;15.265000
DAC-4;compression_time;data/text.txt;96;15.699000
DAC-4;compression_time;data/text.txt;97;15.538000
DAC-4;compression_time;data/text.txt;98;14.611000
DAC-4;compression_time;data/text.txt;99;14.994000
DAC-4;dataset_size;data/text.txt;0;543
DAC-4;compressed_size;data/text.txt;0;356
DAC-4;random_access_time;data/text.txt;0;0.010400
DAC-4;random_access_time;data/text.txt;1;0.009770
DAC-4;random_access_time;data/text.txt;2;0.010060
DAC-4;random_access_time;data/text.txt;3;0.010690
DAC-4;random_access_time;data/text.txt;4;0.010900
DAC-4;random_access_time;data/text.txt;5;0.009840
DAC-4;random_access_time;data/text.txt;6;0.009600
DAC-4;random_access_time;data/text.txt;7;0.010910
DAC-4;random_access_time;data/text.txt;8;0.010680
DAC-4;random_access_time;data/text.txt;9;0.010430
DAC-4;random_access_time;data/text.txt;10;0.010850
DAC-4;random_access_time;data/text.txt;11;0.010850
DAC-4;random_access_time;data/text.txt;12;0.009750
DAC-4;random_access_time;data/text.txt;13;0.010670
DAC-4;random_access_time;data/text.txt;14;0.010930
DAC-4;random_access_time;data/text.txt;15;0.010980
DAC-4;random_access_time;data/text.txt;16;0.010770
DAC-4;random_access_time;data/text.txt;17;0.010500
DAC-4;random_access_time;data/text.txt;18;0.010340
DAC-4;random_access_time;data/text.txt;19;0.010610
DAC-4;random_access_time;data/text.txt;20;0.010760
DAC-4;random_access_time;data/text.txt;21;0.010630
DAC-4;random_access_time;data/text.txt;22;0.010930
DAC-4;random_access_time;data/text.txt;23;0.010390
DAC-4;random_access_time;data/text.txt;24;0.011080
DAC-4;random_access_time;data/text.txt;25;0.011060
DAC-4;random_access_time;data/text.txt;26;0.011150
DAC-4;random_access_time;data/text.txt;27;0.010780
DAC-4;random_access_time;data/text.txt;28;0.010600
DAC-4;random_access_time;data/text.txt;29;0.010900
DAC-4;random_access_time;data/text.txt;30;0.011060
DAC-4;random_access_time;data/text.txt;31;0.011100
DAC-4;random_access_time;data/text.txt;32;0.010240
DAC-4;random_access_time;data/text.txt;33;0.010180
DAC-4;random_access_time;data/text.txt;34;0.009910
DAC-4;random_access_time;data/text.txt;35;0.010460
DAC-4;random_access_time;data/text.txt;36;0.010150
DAC-4;random_access_time;data/text.txt;37;0.010390
DAC-4;random_access_time;data/text.txt;38;0.010190
DAC-4;random_access_time;data/text.txt;39;0.010140
DAC-4;random_access_time;data/text.txt;40;0.010140
DAC-4;random_access_time;data/text.txt;41;0.010150
DAC-4;random_access_time;data/text.txt;42;0.010320
DAC-4;random_access_time;data/text.txt;43;0.010170
DAC-4;random_access_time;data/text.txt;44;0.010210
DAC-4;random_access_time;data/text.txt;45;0.010270
DAC-4;random_access_time;data/text.txt;46;0.010430
DAC-4;random_access_time;data/text.txt;47;0.010340
DAC-4;random_access_time;data/text.txt;48;0.010320
DAC-4;random_access_time;data/text.txt;49;0.010310
DAC-4;random_access_time;data/text.txt;50;0.010400
DAC-4;random_access_time;data/text.txt;51;0.010230
DAC-4;random_access_time;data/text.txt;52;0.010340
DAC-4;random_access_time;data/text.txt;53;0.010270
DAC-4;random_access_time;data/text.txt;54;0.010490
DAC-4;random_access_time;data/text.txt;55;0.010330
DAC-4;random_access_time;data/text.txt;56;0.010340
DAC-4;random_access_time;data/text.txt;57;0.010360
DAC-4;random_access_time;data/text.txt;58;0.010470
DAC-4;random_access_time;data/text.txt;59;0.010370
DAC-4;random_access_time;data/text.txt;60;0.010350
DAC-4;random_access_time;data/text.txt;61;0.010320
DAC-4;random_access_time;data/text.txt;62;0.010340
DAC-4;random_access_time;data/text.txt;63;0.010280
DAC-4;random_access_time;data/text.txt;64;0.009910
DAC-4;random_access_time;data/text.txt;65;0.009850
DAC-4;random_access_time;data/text.txt;66;0.009670
DAC-4;random_access_time;data/text.txt;67;0.009690
DAC-4;random_access_time;data/text.txt;68;0.009600
DAC-4;random_access_time;data/text.txt;69;0.009660
DAC-4;random_access_time;data/text.txt;70;0.010980
DAC-4;random_access_time;data/text.txt;71;0.010520
DAC-4;random_access_time;data/text.txt;72;0.010140
DAC-4;random_access_time;data/text.txt;73;0.009780
DAC-4;random_access_time;data/text.txt;74;0.010520
DAC-4;random_access_time;data/text.txt;75;0.010460
DAC-4;random_access_time;data/text.txt;76;0.010470
DAC-4;random_access_time;data/text.txt;77;0.010410
DAC-4;random_access_time;data/text.txt;78;0.010460
DAC-4;random_access_time;data/text.txt;79;0.010460
DAC-4;random_access_time;data/text.txt;80;0.010460
DAC-4;random_access_time;data/text.txt;81;0.010720
DAC-4;random_access_time;data/text.txt;82;0.010460
DAC-4;random_access_time;data/text.txt;83;0.010460
DAC-4;random_access_time;data/text.txt;84;0.010460
DAC-4;random_access_time;data/text.txt;85;0.010840
DAC-4;random_access_time;data/text.txt;86;0.010460
DAC-4;random_access_time;data/text.txt;87;0.010940
DAC-4;random_access_time;data/text.txt;88;0.010460
DAC-4;random_access_time;data/text.txt;89;0.010990
DAC-4;random_access_time;data/text.txt;90;0.010460
DAC-4;random_access_time;data/text.txt;91;0.010470
DAC-4;random_access_time;data/text.txt;92;0.010570
DAC-4;random_access_time;data/text.txt;93;0.010930
DAC-4;random_access_time;data/text.txt;94;0.010470
DAC-4;random_access_time;data/text.txt;95;0.010400
DAC-4;random_access_time;data/text.txt;96;0.010600
DAC-4;random_access_time;data/text.txt;97;0.010970
DAC-4;random_access_time;data/text.txt;98;0.009900
DAC-4;random_access_time;data/text.txt;99;0.009610
DAC-4;sequential_access_time;data/text.txt;0;0.000000
DAC-4;sequential_access_time;data/text.txt;1;0.000000
DAC-4;sequential_access_time;data/text.txt;2;0.000120
DAC-4;sequential_access_time;data/text.txt;3;0.000050
DAC-4;sequential_access_time;data/text.txt;4;0.000000
DAC-4;sequential_access_time;data/text.txt;5;0.000170
DAC-4;sequential_access_time;data/text.txt;6;0.000030
DAC-4;sequential_access_time;data/text.txt;7;0.000190
DAC-4;sequential_access_time;data/text.txt;8;0.000000
DAC-4;sequential_access_time;data/text.txt;9;0.000000
DAC-4;sequential_access_time;data/text.txt;10;0.000490
DAC-4;sequential_access_time;data/text.txt;11;0.000020
DAC-4;sequential_access_time;data/text.txt;12;0.000000
DAC-4;sequential_access_time;data/text.txt;13;0.000520
DAC-4;sequential_access_time;data/text.txt;14;0.000000
DAC-4;sequential_access_time;data/text.txt;15;0.000000
DAC-4;sequential_access_time;data/text.txt;16;0.000000
DAC-4;sequential_access_time;data/text.txt;17;0.000020
DAC-4;sequential_access_time;data/text.txt;18;0.000050
DAC-4;sequential_access_time;data/text.txt;19;0.000040
DAC-4;sequential_access_time;data/text.txt;20;0.000030
DAC-4;sequential_access_time;data/text.txt;21;0.000040
DAC-4;sequential_access_time;data/text.txt;22;0.000570
DAC-4;sequential_access_time;data/text.txt;23;0.000000
DAC-4;sequential_access_time;data/text.txt;24;0.000130
DAC-4;sequential_access_time;data/text.txt;25;0.000090
DAC-4;sequential_access_time;data/text.txt;26;0.000000
DAC-4;sequential_access_time;data/text.txt;27;0.000000
DAC-4;sequential_access_time;data/text.txt;28;0.000000
DAC-4;sequential_access_time;data/text.txt;29;0.000000
DAC-4;sequential_access_time;data/text.txt;30;0.000020
DAC-4;sequential_access_time;data/text.txt;31;0.000000
DAC-4;sequential_access_time;data/text.txt;32;0.000000
DAC-4;sequential_access_time;data/text.txt;33;0.000000
DAC-4;sequential_access_time;data/text.txt;34;0.000000
DAC-4;sequential_access_time;data/text.txt;35;0.000060
DAC-4;sequential_access_time;data/text.txt;36;0.000000
DAC-4;sequential_access_time;data/text.txt;37;0.000010
DAC-4;sequential_access_time;data/text.txt;38;0.000090
DAC-4;sequential_access_time;data/text.txt;39;0.000000
DAC-4;sequential_access_time;data/text.txt;40;0.000000
DAC-4;sequential_access_time;data/text.txt;41;0.000000
DAC-4;sequential_access_time;data/text.txt;42;0.000560
DAC-4;sequential_access_time;data/text.txt;43;0.000070
DAC-4;sequential_access_time;data/text.txt;44;0.000020
DAC-4;sequential_access_time;data/text.txt;45;0.000120
DAC-4;sequential_access_time;data/text.txt;46;0.000040
DAC-4;sequential_access_time;data/text.txt;47;0.000000
DAC-4;sequential_access_time;data/text.txt;48;0.000220
DAC-4;sequential_access_time;data/text.txt;49;0.000000
DAC-4;sequential_access_time;data/text.txt;50;0.000000
DAC-4;sequential_access_time;data/text.txt;51;0.000030
DAC-4;sequential_access_time;data/text.txt;52;0.000000
DAC-4;sequential_access_time;data/text.txt;53;0.000000
DAC-4;sequential_access_time;data/text.txt;54;0.000000
DAC-4;sequential_access_time;data/text.txt;55;0.000070
DAC-4;sequential_access_time;data/text.txt;56;0.000000
DAC-4;sequential_access_time;data/text.txt;57;0.000030
DAC-4;sequential_access_time;data/text.txt;58;0.000000
DAC-4;sequential_access_time;data/text.txt;59;0.000000
DAC-4;sequential_access_time;data/text.txt;60;0.000000
DAC-4;sequential_access_time;data/text.txt;61;0.000000
DAC-4;sequential_access_time;data/text.txt;62;0.000130
DAC-4;sequential_access_time;data/text.txt;63;0.000310
DAC-4;sequential_access_time;data/text.txt;64;0.000080
DAC-4;sequential_access_time;data/text.txt;65;0.000070
DAC-4;sequential_access_time;data/text.txt;66;0.000050
DAC-4;sequential_access_time;data/text.txt;67;0.000000
DAC-4;sequential_access_time;data/text.txt;68;0.000000
DAC-4;sequential_access_time;data/text.txt;69;0.000000
DAC-4;sequential_access_time;data/text.txt;70;0.000060
DAC-4;sequential_access_time;data/text.txt;71;0.000000
DAC-4;sequential_access_time;data/text.txt;72;0.000040
DAC-4;sequential_access_time;data/text.txt;73;0.000120
DAC-4;sequential_access_time;data/text.txt;74;0.000000
DAC-4;sequential_access_time;data/text.txt;75;0.000210
DAC-4;sequential_access_time;data/text.txt;76;0.000000
DAC-4;sequential_access_time;data/text.txt;77;0.000470
DAC-4;sequential_access_time;data/text.txt;78;0.000000
DAC-4;sequential_access_time;data/text.txt;79;0.000000
DAC-4;sequential_access_time;data/text.txt;80;0.000000
DAC-4;sequential_access_time;data/text.txt;81;0.000000
DAC-4;sequential_access_time;data/text.txt;82;0.000050
DAC-4;sequential_access_time;data/text.txt;83;0.000000
DAC-4;sequential_access_time;data/text.txt;84;0.000100
DAC-4;sequential_access_time;data/text.txt;85;0.000110
DAC-4;sequential_access_time;data/text.txt;86;0.000370
DAC-4;sequential_access_time;data/text.txt;87;0.000060
DAC-4;sequential_access_time;data/text.txt;88;0.000130
DAC-4;sequential_access_time;data/text.txt;89;0.000000
DAC-4;sequential_access_time;data/text.txt;90;0.000000
DAC-4;sequential_access_time;data/text.txt;91;0.000000
DAC-4;sequential_access_time;data/text.txt;92;0.000060
DAC-4;sequential_access_time;data/text.txt;93;0.000210
DAC-4;sequential_access_time;data/text.txt;94;0.000000
DAC-4;sequential_access_time;data/text.txt;95;0.000070
DAC-4;sequential_access_time;data/text.txt;96;0.000040
DAC-4;sequential_access_time;data/text.txt;97;0.000040
DAC-4;sequential_access_time;data/text.txt;98;0.000050
DAC-4;sequential_access_time;data/text.txt;99;0.000000
DAC-255;compression_time;data/text.txt;0;15.785000
DAC-255;compression_time;data/text.txt;1;15.109000
DAC-255;compression_time;data/text.txt;2;15.386000
DAC-255;compression_time;data/text.txt;3;18.924000
DAC-255;compression_time;data/text.txt;4;17.534000
DAC-255;compression_time;data/text.txt;5;16.129000
DAC-255;compression_time;data/text.txt;6;16.413000
DAC-255;compression_time;data/text.txt;7;15.140000
DAC-255;compression_time;data/text.txt;8;14.973000
DAC-255;compression_time;data/text.txt;9;15.351000
DAC-255;compression_time;data/text.txt;10;15.206000
DAC-255;compression_time;data/text.txt;11;15.529000
DAC-255;compression_time;data/text.txt;12;15.208000
DAC-255;compression_time;data/text.txt;13;15.215000
DAC-255;compression_time;data/text.txt;14;14.985000
DAC-255;compression_time;data/text.txt;15;14.871000
DAC-255;compression_time;data/text.txt;16;15.224000
DAC-255;compression_time;data/text.txt;17;15.290000
DAC-255;compression_time;data/text.txt;18;15.628000
DAC-255;compression_time;data/text.txt;19;15.423000
DAC-255;compression_time;data/text.txt;20;16.237000
DAC-255;compression_time;data/text.txt;21;14.784000
DAC-255;compression_time;data/text.txt;22;14.974000
DAC-255;compression_time;data/text.txt;23;14.854000
DAC-255;compression_time;data/text.txt;24;14.922000
DAC-255;compression_time;data/text.txt;25;15.070000
DAC-255;compression_time;data/text.txt;26;14.894000
DAC-255;compression_time;data/text.txt;27;14.905000
DAC-255;compression_time;data/text.txt;28;14.862000
DAC-255;compression_time;data/text.txt;29;14.944000
DAC-255;compression_time;data/text.txt;30;15.993000
DAC-255;compression_time;data/text.txt;31;15.097000
DAC-255;compression_time;data/text.txt;32;15.099000
DAC-255;compression_time;data/text.txt;33;15.025000
DAC-255;compression_time;data/text.txt;34;14.963000
DAC-255;compression_time;data/text.txt;35;15.094000
DAC-255;compression_time;data/text.txt;36;14.910000
DAC-255;compression_time;data/text.txt;37;16.878000
DAC-255;compression_time;data/text.txt;38;15.000000
DAC-255;compression_time;data/text.txt;39;16.830000
DAC-255;compression_time;data/text.txt;40;15.310000
DAC-255;compression_time;data/text.txt;41;15.455000
DAC-255;compression_time;data/text.txt;42;15.622000
DAC-255;compression_time;data/text.txt;43;17.054000
DAC-255;compression_time;data/text.txt;44;16.166000
DAC-255;compression_time;data/text.txt;45;15.527000
DAC-255;compression_time;data/text.txt;46;15.188000
DAC-255;compression_time;data/text.txt;47;14.740000
DAC-255;compression_time;data/text.txt;48;15.649000
DAC-255;compression_time;data/text.txt;49;15.498000
DAC-255;compression_time;data/text.txt;50;16.390000
DAC-255;compression_time;data/text.txt;51;15.324000
DAC-255;compression_time;data/text.txt;52;15.591000
DAC-255;compression_time;data/text.txt;53;14.807000
DAC-255;compression_time;data/text.txt;54;15.848000
DAC-255;compression_time;data/text.txt;55;15.314000
DAC-255;compression_time;data/text.txt;56;15.803000
DAC-255;compression_time;data/text.txt;57;14.847000
DAC-255;compression_time;data/text.txt;58;15.422000
DAC-255;compression_time;data/text.txt;59;15.460000
DAC-255;compression_time;data/text.txt;60;15.010000
DAC-255;compression_time;data/text.txt;61;15.990000
DAC-255;compression_time;data/text.txt;62;14.862000
DAC-255;compression_time;data/text.txt;63;14.822000
DAC-255;compression_time;data/text.txt;64;14.915000
DAC-255;compression_time;data/text.txt;65;14.805000
DAC-255;compression_time;data/text.txt;66;14.883000
DAC-255;compression_time;data/text.txt;67;14.824000
DAC-255;compression_time;data/text.txt;68;14.871000
DAC-255;compression_time;data/text.txt;69;15.100000
DAC-255;compression_time;data/text.txt;70;15.283000
DAC-255;compression_time;data/text.txt;71;15.015000
DAC-255;compression_time;data/text.txt;72;14.974000
DAC-255;compression_time;data/text.txt;73;14.798000
DAC-255;compression_time;data/text.txt;74;15.416000
DAC-255;compression_time;data/text.txt;75;15.439000
DAC-255;compression_time;data/text.txt;76;15.856000
DAC-255;compression_time;data/text.txt;77;14.816000
DAC-255;compression_time;data/text.txt;78;14.822000
DAC-255;compression_time;data/text.txt;79;15.360000
DAC-255;compression_time;data/text.txt;80;14.865000
DAC-255;compression_time;data/text.txt;81;14.966000
DAC-255;compression_time;data/text.txt;82;15.197000
DAC-255;compression_time;data/text.txt;83;15.835000
DAC-255;compression_time;data/text.txt;84;15.385000
DAC-255;compression_time;data/text.txt;85;14.896000
DAC-255;compression_time;data/text.txt;86;14.967000
DAC-255;compression_time;data/text.txt;87;15.047000
DAC-255;compression_time;data/text.txt;88;15.182000
DAC-255;compression_time;data/text.txt;89;16.044000
DAC-255;compression_time;data/text.txt;90;15.901000
DAC-255;compression_time;data/text.txt;91;15.221000
DAC-255;compression_time;data/text.txt;92;15.819000
DAC-255;compression_time;data/text.txt;93;14.768000
DAC-255;compression_time;data/text.txt;94;16.027000
DAC-255;compression_time;data/text.txt;95;15.042000
DAC-255;compression_time;data/text.txt;96;14.945000
DAC-255;compression_time;data/text.txt;97;15.474000
DAC-255;compression_time;data/text.txt;98;15.636000
DAC-255;compression_time;data/text.txt;99;15.699000
DAC-255;dataset_size;data/text.txt;0;543
DAC-255;compressed_size;data/text.txt;0;353
DAC-255;random_access_time;data/text.txt;0;0.010720
DAC-255;random_access_time;data/text.txt;1;0.010540
DAC-255;random_access_time;data/text.txt;2;0.010270
DAC-255;random_access_time;data/text.txt;3;0.010320
DAC-255;random_access_time;data/text.txt;4;0.010320
DAC-255;random_access_time;data/text.txt;5;0.010730
DAC-255;random_access_time;data/text.txt;6;0.010260
DAC-255;random_access_time;data/text.txt;7;0.010340
DAC-255;random_access_time;data/text.txt;8;0.011080
DAC-255;random_access_time;data/text.txt;9;0.010680
DAC-255;random_access_time;data/text.txt;10;0.010680
DAC-255;random_access_time;data/text.txt;11;0.010660
DAC-255;random_access_time;data/text.txt;12;0.010370
DAC-255;random_access_time;data/text.txt;13;0.010460
DAC-255;random_access_time;data/text.txt;14;0.010510
DAC-255;random_access_time;data/text.txt;15;0.010580
DAC-255;random_access_time;data/text.txt;16;0.010630
DAC-255;random_access_time;data/text.txt;17;0.010600
DAC-255;random_access_time;data/text.txt;18;0.010740
DAC-255;random_access_time;data/text.txt;19;0.010530
DAC-255;random_access_time;data/text.txt;20;0.010790
DAC-255;random_access_time;data/text.txt;21;0.010920
DAC-255;random_access_time;data/text.txt;22;0.010840
DAC-255;random_access_time;data/text.txt;23;0.010670
DAC-255;random_access_time;data/text.txt;24;0.010770
DAC-255;random_access_time;data/text.txt;25;0.010390
DAC-255;random_access_time;data/text.txt;26;0.010330
DAC-255;random_access_time;data/text.txt;27;0.010490
DAC-255;random_access_time;data/text.txt;28;0.010330
DAC-255;random_access_time;data/text.txt;29;0.010330
DAC-255;random_access_time;data/text.txt;30;0.010390
DAC-255;random_access_time;data/text.txt;31;0.010520
DAC-255;random_access_time;data/text.txt;32;0.010330
DAC-255;random_access_time;data/text.txt;33;0.010370
DAC-255;random_access_time;data/text.txt;34;0.010830
DAC-255;random_access_time;data/text.txt;35;0.010650
DAC-255;random_access_time;data/text.txt;36;0.010390
DAC-255;random_access_time;data/text.txt;37;0.010330
DAC-255;random_access_time;data/text.txt;38;0.010330
DAC-255;random_access_time;data/text.txt;39;0.010790
DAC-255;random_access_time;data/text.txt;40;0.010330
DAC-255;random_access_time;data/text.txt;41;0.010330
DAC-255;random_access_time;data/text.txt;42;0.010330
DAC-255;random_access_time;data/text.txt;43;0.010840
DAC-255;random_access_time;data/text.txt;44;0.010330
DAC-255;random_access_time;data/text.txt;45;0.010310
DAC-255;random_access_time;data/text.txt;46;0.010460
DAC-255;random_access_time;data/text.txt;47;0.010330
DAC-255;random_access_time;data/text.txt;48;0.010330
DAC-255;random_access_time;data/text.txt;49;0.010290
DAC-255;random_access_time;data/text.txt;50;0.010560
DAC-255;random_access_time;data/text.txt;51;0.010330
DAC-255;random_access_time;data/text.txt;52;0.010360
DAC-255;random_access_time;data/text.txt;53;0.010350
DAC-255;random_access_time;data/text.txt;54;0.010580
DAC-255;random_access_time;data/text.txt;55;0.010270
DAC-255;random_access_time;data/text.txt;56;0.010270
DAC-255;random_access_time;data/text.txt;57;0.010270
DAC-255;random_access_time;data/text.txt;58;0.010580
DAC-255;random_access_time;data/text.txt;59;0.010270
DAC-255;random_access_time;data/text.txt;60;0.010320
DAC-255;random_access_time;data/text.txt;61;0.010270
DAC-255;random_access_time;data/text.txt;62;0.010670
DAC-255;random_access_time;data/text.txt;63;0.010270
DAC-255;random_access_time;data/text.txt;64;0.010270
DAC-255;random_access_time;data/text.txt;65;0.010270
DAC-255;random_access_time;data/text.txt;66;0.010770
DAC-255;random_access_time;data/text.txt;67;0.010320
DAC-255;random_access_time;data/text.txt;68;0.010270
DAC-255;random_access_time;data/text.txt;69;0.010300
DAC-255;random_access_time;data/text.txt;70;0.010270
DAC-255;random_access_time;data/text.txt;71;0.010270
DAC-255;random_access_time;data/text.txt;72;0.010270
DAC-255;random_access_time;data/text.txt;73;0.010430
DAC-255;random_access_time;data/text.txt;74;0.010270
DAC-255;random_access_time;data/text.txt;75;0.010270
DAC-255;random_access_time;data/text.txt;76;0.010270
DAC-255;random_access_time;data/text.txt;77;0.010450
DAC-255;random_access_time;data/text.txt;78;0.010270
DAC-255;random_access_time;data/text.txt;79;0.010270
DAC-255;random_access_time;data/text.txt;80;0.010270
DAC-255;random_access_time;data/text.txt;81;0.010290
DAC-255;random_access_time;data/text.txt;82;0.010270
DAC-255;random_access_time;data/text.txt;83;0.010270
DAC-255;random_access_time;data/text.txt;84;0.010320
DAC-255;random_access_time;data/text.txt;85;0.010580
DAC-255;random_access_time;data/text.txt;86;0.010270
DAC-255;random_access_time;data/text.txt;87;0.010270
DAC-255;random_access_time;data/text.txt;88;0.010200
DAC-255;random_access_time;data/text.txt;89;0.010590
DAC-255;random_access_time;data/text.txt;90;0.010200
DAC-255;random_access_time;data/text.txt;91;0.010210
DAC-255;random_access_time;data/text.txt;92;0.010200
DAC-255;random_access_time;data/text.txt;93;0.010660
DAC-255;random_access_time;data/text.txt;94;0.010210
DAC-255;random_access_time;data/text.txt;95;0.010200
DAC-255;random_access_time;data/text.txt;96;0.010200
DAC-255;random_access_time;data/text.txt;97;0.010790
DAC-255;random_access_time;data/text.txt;98;0.010200
DAC-255;random_access_time;data/text.txt;99;0.010200
DAC-255;sequential_access_time;data/text.txt;0;0.000000
DAC-255;sequential_access_time;data/text.txt;1;0.000000
DAC-255;sequential_access_time;data/text.txt;2;0.000140
DAC-255;sequential_access_time;data/text.txt;3;0.000150
DAC-255;sequential_access_time;data/text.txt;4;0.000000
DAC-255;sequential_access_time;data/text.txt;5;0.000040
DAC-255;sequential_access_time;data/text.txt;6;0.000000
DAC-255;sequential_access_time;data/text.txt;7;0.000000
DAC-255;sequential_access_time;data/text.txt;8;0.000000
DAC-255;sequential_access_time;data/text.txt;9;0.000000
DAC-255;sequential_access_time;data/text.txt;10;0.000000
DAC-255;sequential_access_time;data/text.txt;11;0.000020
DAC-255;sequential_access_time;data/text.txt;12;0.000080
DAC-255;sequential_access_time;data/text.txt;13;0.000000
DAC-255;sequential_access_time;data/text.txt;14;0.000030
DAC-255;sequential_access_time;data/text.txt;15;0.000030
DAC-255;sequential_access_time;data/text.txt;16;0.000020
DAC-255;sequential_access_time;data/text.txt;17;0.000520
DAC-255;sequential_access_time;data/text.txt;18;0.000050
DAC-255;sequential_access_time;data/text.txt;19;0.000000
DAC-255;sequential_access_time;data/text.txt;20;0.000000
DAC-255;sequential_access_time;data/text.txt;21;0.000020
DAC-255;sequential_access_time;data/text.txt;22;0.000020
DAC-255;sequential_access_time;data/text.txt;23;0.000000
DAC-255;sequential_access_time;data/text.txt;24;0.000000
DAC-255;sequential_access_time;data/text.txt;25;0.000020
DAC-255;sequential_access_time;data/text.txt;26;0.000000
DAC-255;sequential_access_time;data/text.txt;27;0.000000
DAC-255;sequential_access_time;data/text.txt;28;0.000020
DAC-255;sequential_access_time;data/text.txt;29;0.000000
DAC-255;sequential_access_time;data/text.txt;30;0.000000
DAC-255;sequential_access_time;data/text.txt;31;0.000000
DAC-255;sequential_access_time;data/text.txt;32;0.000000
DAC-255;sequential_access_time;data/text.txt;33;0.000000
DAC-255;sequential_access_time;data/text.txt;34;0.000160
DAC-255;sequential_access_time;data/text.txt;35;0.000000
DAC-255;sequential_access_time;data/text.txt;36;0.000160
DAC-255;sequential_access_time;data/text.txt;37;0.000040
DAC-255;sequential_access_time;data/text.txt;38;0.000100
DAC-255;sequential_access_time;data/text.txt;39;0.000000
DAC-255;sequential_access_time;data/text.txt;40;0.000000
DAC-255;sequential_access_time;data/text.txt;41;0.000060
DAC-255;sequential_access_time;data/text.txt;42;0.000120
DAC-255;sequential_access_time;data/text.txt;43;0.000050
DAC-255;sequential_access_time;data/text.txt;44;0.000040
DAC-255;sequential_access_time;data/text.txt;45;0.000000
DAC-255;sequential_access_time;data/text.txt;46;0.000000
DAC-255;sequential_access_time;data/text.txt;47;0.000050
DAC-255;sequential_access_time;data/text.txt;48;0.000000
DAC-255;sequential_access_time;data/text.txt;49;0.000000
DAC-255;sequential_access_time;data/text.txt;50;0.000000
DAC-255;sequential_access_time;data/text.txt;51;0.000050
DAC-255;sequential_access_time;data/text.txt;52;0.000000
DAC-255;sequential_access_time;data/text.txt;53;0.000030
DAC-255;sequential_access_time;data/text.txt;54;0.000000
DAC-255;sequential_access_time;data/text.txt;55;0.000030
DAC-255;sequential_access_time;data/text.txt;56;0.000000
DAC-255;sequential_access_time;data/text.txt;57;0.000030
DAC-255;sequential_access_time;data/text.txt;58;0.000090
DAC-255;sequential_access_time;data/text.txt;59;0.000000
DAC-255;sequential_access_time;data/text.txt;60;0.000070
DAC-255;sequential_access_time;data/text.txt;61;0.000050
DAC-255;sequential_access_time;data/text.txt;62;0.000000
DAC-255;sequential_access_time;data/text.txt;63;0.000040
DAC-255;sequential_access_time;data/text.txt;64;0.000000
DAC-255;sequential_access_time;data/text.txt;65;0.000030
DAC-255;sequential_access_time;data/text.txt;66;0.000000
DAC-255;sequential_access_time;data/text.txt;67;0.000040
DAC-255;sequential_access_time;data/text.txt;68;0.000050
DAC-255;sequential_access_time;data/text.txt;69;0.000000
DAC-255;sequential_access_time;data/text.txt;70;0.000040
DAC-255;sequential_access_time;data/text.txt;71;0.000000
DAC-255;sequential_access_time;data/text.txt;72;0.000040
DAC-255;sequential_access_time;data/text.txt;73;0.000000
DAC-255;sequential_access_time;data/text.txt;74;0.000000
DAC-255;sequential_access_time;data/text.txt;75;0.000000
DAC-255;sequential_access_time;data/text.txt;76;0.000020
DAC-255;sequential_access_time;data/text.txt;77;0.000030
DAC-255;sequential_access_time;data/text.txt;78;0.000000
DAC-255;sequential_access_time;data/text.txt;79;0.000000
DAC-255;sequential_access_time;data/text.txt;80;0.000000
DAC-255;sequential_access_time;data/text.txt;81;0.000000
DAC-255;sequential_access_time;data/text.txt;82;0.000000
DAC-255;sequential_access_time;data/text.txt;83;0.000000
DAC-255;sequential_access_time;data/text.txt;84;0.000000
DAC-255;sequential_access_time;data/text.txt;85;0.000000
DAC-255;sequential_access_time;data/text.txt;86;0.000000
DAC-255;sequential_access_time;data/text.txt;87;0.000000
DAC-255;sequential_access_time;data/text.txt;88;0.000000
DAC-255;sequential_access_time;data/text.txt;89;0.000000
DAC-255;sequential_access_time;data/text.txt;90;0.000030
DAC-255;sequential_access_time;data/text.txt;91;0.000030
DAC-255;sequential_access_time;data/text.txt;92;0.000070
DAC-255;sequential_access_time;data/text.txt;93;0.000000
DAC-255;sequential_access_time;data/text.txt;94;0.000020
DAC-255;sequential_access_time;data/text.txt;95;0.000000
DAC-255;sequential_access_time;data/text.txt;96;0.000030
DAC-255;sequential_access_time;data/text.txt;97;0.000000
DAC-255;sequential_access_time;data/text.txt;98;0.000100
DAC-255;sequential_access_time;data/text.txt;99;0.000030
SDP;compression_time;data/image.jpg;0;3.348000
SDP;compression_time;data/image.jpg;1;3.498000
SDP;compression_time;data/image.jpg;2;3.216000
SDP;compression_time;data/image.jpg;3;3.211000
SDP;compression_time;data/image.jpg;4;3.279000
SDP;compression_time;data/image.jpg;5;3.189000
SDP;compression_time;data/image.jpg;6;3.217000
SDP;compression_time;data/image.jpg;7;3.202000
SDP;compression_time;data/image.jpg;8;3.814000
SDP;compression_time;data/image.jpg;9;4.444000
SDP;compression_time;data/image.jpg;10;4.403000
SDP;compression_time;data/image.jpg;11;3.992000
SDP;compression_time;data/image.jpg;12;3.321000
SDP;compression_time;data/image.jpg;13;3.234000
SDP;compression_time;data/image.jpg;14;3.245000
SDP;compression_time;data/image.jpg;15;3.243000
SDP;compression_time;data/image.jpg;16;3.203000
SDP;compression_time;data/image.jpg;17;4.398000
SDP;compression_time;data/image.jpg;18;4.302000
SDP;compression_time;data/image.jpg;19;4.429000
SDP;compression_time;data/image.jpg;20;3.586000
SDP;compression_time;data/image.jpg;21;4.243000
SDP;compression_time;data/image.jpg;22;5.149000
SDP;compression_time;data/image.jpg;23;5.191000
SDP;compression_time;data/image.jpg;24;5.178000
SDP;compression_time;data/image.jpg;25;5.136000
SDP;compression_time;data/image.jpg;26;5.161000
SDP;compression_time;data/image.jpg;27;4.731000
SDP;compression_time;data/image.jpg;28;3.349000
SDP;compression_time;data/image.jpg;29;4.186000
SDP;compression_time;data/image.jpg;30;3.673000
SDP;compression_time;data/image.jpg;31;4.434000
SDP;compression_time;data/image.jpg;32;4.269000
SDP;compression_time;data/image.jpg;33;3.306000
SDP;compression_time;data/image.jpg;34;3.267000
SDP;compression_time;data/image.jpg;35;3.343000
SDP;compression_time;data/image.jpg;36;3.620000
SDP;compression_time;data/image.jpg;37;3.494000
SDP;compression_time;data/image.jpg;38;3.598000
SDP;compression_time;data/image.jpg;39;3.410000
SDP;compression_time;data/image.jpg;40;3.261000
SDP;compression_time;data/image.jpg;41;3.245000
SDP;compression_time;data/image.jpg;42;3.298000
SDP;compression_time;data/image.jpg;43;3.352000
SDP;compression_time;data/image.jpg;44;3.224000
SDP;compression_time;data/image.jpg;45;3.225000
SDP;compression_time;data/image.jpg;46;3.246000
SDP;compression_time;data/image.jpg;47;3.312000
SDP;compression_time;data/image.jpg;48;3.324000
SDP;compression_time;data/image.jpg;49;3.250000
SDP;compression_time;data/image.jpg;50;3.275000
SDP;compression_time;data/image.jpg;51;3.278000
SDP;compression_time;data/image.jpg;52;3.261000
SDP;compression_time;data/image.jpg;53;3.250000
SDP;compression_time;data/image.jpg;54;3.472000
SDP;compression_time;data/image.jpg;55;3.235000
SDP;compression_time;data/image.jpg;56;3.220000
SDP;compression_time;data/image.jpg;57;3.245000
SDP;compression_time;data/image.jpg;58;3.306000
SDP;compression_time;data/image.jpg;59;3.226000
SDP;compression_time;data/image.jpg;60;3.257000
SDP;compression_time;data/image.jpg;61;3.202000
SDP;compression_time;data/image.jpg;62;3.234000
SDP;compression_time;data/image.jpg;63;3.254000
SDP;compression_time;data/image.jpg;64;3.227000
SDP;compression_time;data/image.jpg;65;3.217000
SDP;compression_time;data/image.jpg;66;3.234000
SDP;compression_time;data/image.jpg;67;3.230000
SDP;compression_time;data/image.jpg;68;3.254000
SDP;compression_time;data/image.jpg;69;3.210000
SDP;compression_time;data/image.jpg;70;3.225000
SDP;compression_time;data/image.jpg;71;3.221000
SDP;compression_time;data/image.jpg;72;3.259000
SDP;compression_time;data/image.jpg;73;3.230000
SDP;compression_time;data/image.jpg;74;3.242000
SDP;compression_time;data/image.jpg;75;3.243000
SDP;compression_time;data/image.jpg;76;3.209000
SDP;compression_time;data/image.jpg;77;3.211000
SDP;compression_time;data/image.jpg;78;3.230000
SDP;compression_time;data/image.jpg;79;3.223000
SDP;compression_time;data/image.jpg;80;3.213000
SDP;compression_time;data/image.jpg;81;3.211000
SDP;compression_time;data/image.jpg;82;3.195000
SDP;compression_time;data/image.jpg;83;3.210000
SDP;compression_time;data/image.jpg;84;3.205000
SDP;compression_time;data/image.jpg;85;3.205000
SDP;compression_time;data/image.jpg;86;3.187000
SDP;compression_time;data/image.jpg;87;3.188000
SDP;compression_time;data/image.jpg;88;3.214000
SDP;compression_time;data/image.jpg;89;3.238000
SDP;compression_time;data/image.jpg;90;3.236000
SDP;compression_time;data/image.jpg;91;3.239000
SDP;compression_time;data/image.jpg;92;3.213000
SDP;compression_time;data/image.jpg;93;3.199000
SDP;compression_time;data/image.jpg;94;3.214000
SDP;compression_time;data/image.jpg;95;3.208000
SDP;compression_time;data/image.jpg;96;3.204000
SDP;compression_time;data/image.jpg;97;3.211000
SDP;compression_time;data/image.jpg;98;3.202000
SDP;compression_time;data/image.jpg;99;3.209000
SDP;dataset_size;data/image.jpg;0;130
SDP;compressed_size;data/image.jpg;0;164
SDP;random_access_time;data/image.jpg;0;0.051740
SDP;random_access_time;data/image.jpg;1;0.051760
SDP;random_access_time;data/image.jpg;2;0.051440
SDP;random_access_time;data/image.jpg;3;0.051150
SDP;random_access_time;data/image.jpg;4;0.052380
SDP;random_access_time;data/image.jpg;5;0.056610
SDP;random_access_time;data/image.jpg;6;0.057950
SDP;random_access_time;data/image.jpg;7;0.054030
SDP;random_access_time;data/image.jpg;8;0.052580
SDP;random_access_time;data/image.jpg;9;0.054440
SDP;random_access_time;data/image.jpg;10;0.055320
SDP;random_access_time;data/image.jpg;11;0.056660
SDP;random_access_time;data/image.jpg;12;0.054380
SDP;random_access_time;data/image.jpg;13;0.051660
SDP;random_access_time;data/image.jpg;14;0.055880
SDP;random_access_time;data/image.jpg;15;0.057790
SDP;random_access_time;data/image.jpg;16;0.053760
SDP;random_access_time;data/image.jpg;17;0.051740
SDP;random_access_time;data/image.jpg;18;0.051650
SDP;random_access_time;data/image.jpg;19;0.051560
SDP;random_access_time;data/image.jpg;20;0.051570
SDP;random_access_time;data/image.jpg;21;0.051490
SDP;random_access_time;data/image.jpg;22;0.051350
SDP;random_access_time;data/image.jpg;23;0.051490
SDP;random_access_time;data/image.jpg;24;0.051460
SDP;random_access_time;data/image.jpg;25;0.051540
SDP;random_access_time;data/image.jpg;26;0.051350
SDP;random_access_time;data/image.jpg;27;0.051440
SDP;random_access_time;data/image.jpg;28;0.053680
SDP;random_access_time;data/image.jpg;29;0.052790
SDP;random_access_time;data/image.jpg;30;0.058440
SDP;random_access_time;data/image.jpg;31;0.056100
SDP;random_access_time;data/image.jpg;32;0.051650
SDP;random_access_time;data/image.jpg;33;0.051300
SDP;random_access_time;data/image.jpg;34;0.051520
SDP;random_access_time;data/image.jpg;35;0.051290
SDP;random_access_time;data/image.jpg;36;0.051090
SDP;random_access_time;data/image.jpg;37;0.051030
SDP;random_access_time;data/image.jpg;38;0.051280
SDP;random_access_time;data/image.jpg;39;0.051020
SDP;random_access_time;data/image.jpg;40;0.050910
SDP;random_access_time;data/image.jpg;41;0.050900
SDP;random_access_time;data/image.jpg;42;0.050800
SDP;random_access_time;data/image.jpg;43;0.050910
SDP;random_access_time;data/image.jpg;44;0.050990
SDP;random_access_time;data/image.jpg;45;0.050880
SDP;random_access_time;data/image.jpg;46;0.050960
SDP;random_access_time;data/image.jpg;47;0.050970
SDP;random_access_time;data/image.jpg;48;0.050990
SDP;random_access_time;data/image.jpg;49;0.051360
SDP;random_access_time;data/image.jpg;50;0.051070
SDP;random_access_time;data/image.jpg;51;0.050940
SDP;random_access_time;data/image.jpg;52;0.051220
SDP;random_access_time;data/image.jpg;53;0.051250
SDP;random_access_time;data/image.jpg;54;0.051240
SDP;random_access_time;data/image.jpg;55;0.051350
SDP;random_access_time;data/image.jpg;56;0.051400
SDP;random_access_time;data/image.jpg;57;0.051150
SDP;random_access_time;data/image.jpg;58;0.051060
SDP;random_access_time;data/image.jpg;59;0.051210
SDP;random_access_time;data/image.jpg;60;0.051130
SDP;random_access_time;data/image.jpg;61;0.051120
SDP;random_access_time;data/image.jpg;62;0.051220
SDP;random_access_time;data/image.jpg;63;0.050840
SDP;random_access_time;data/image.jpg;64;0.050830
SDP;random_access_time;data/image.jpg;65;0.050840
SDP;random_access_time;data/image.jpg;66;0.050860
SDP;random_access_time;data/image.jpg;67;0.050690
SDP;random_access_time;data/image.jpg;68;0.050680
SDP;random_access_time;data/image.jpg;69;0.050560
SDP;random_access_time;data/image.jpg;70;0.050500
SDP;random_access_time;data/image.jpg;71;0.050520
SDP;random_access_time;data/image.jpg;72;0.050530
SDP;random_access_time;data/image.jpg;73;0.050530
SDP;random_access_time;data/image.jpg;74;0.050560
SDP;random_access_time;data/image.jpg;75;0.050910
SDP;random_access_time;data/image.jpg;76;0.050440
SDP;random_access_time;data/image.jpg;77;0.050490
SDP;random_access_time;data/image.jpg;78;0.050590
SDP;random_access_time;data/image.jpg;79;0.050910
SDP;random_access_time;data/image.jpg;80;0.050540
SDP;random_access_time;data/image.jpg;81;0.050320
SDP;random_access_time;data/image.jpg;82;0.050480
SDP;random_access_time;data/image.jpg;83;0.050510
SDP;random_access_time;data/image.jpg;84;0.050370
SDP;random_access_time;data/image.jpg;85;0.051230
SDP;random_access_time;data/image.jpg;86;0.051640
SDP;random_access_time;data/image.jpg;87;0.052630
SDP;random_access_time;data/image.jpg;88;0.052020
SDP;random_access_time;data/image.jpg;89;0.051550
SDP;random_access_time;data/image.jpg;90;0.051270
SDP;random_access_time;data/image.jpg;91;0.051180
SDP;random_access_time;data/image.jpg;92;0.051410
SDP;random_access_time;data/image.jpg;93;0.051240
SDP;random_access_time;data/image.jpg;94;0.051250
SDP;random_access_time;data/image.jpg;95;0.051140
SDP;random_access_time;data/image.jpg;96;0.051690
SDP;random_access_time;data/image.jpg;97;0.051170
SDP;random_access_time;data/image.jpg;98;0.051280
SDP;random_access_time;data/image.jpg;99;0.051130
SDP;sequential_access_time;data/image.jpg;0;0.000000
SDP;sequential_access_time;data/image.jpg;1;0.000040
SDP;sequential_access_time;data/image.jpg;2;0.000000
SDP;sequential_access_time;data/image.jpg;3;0.000070
SDP;sequential_access_time;data/image.jpg;4;0.000050
SDP;sequential_access_time;data/image.jpg;5;0.000340
SDP;sequential_access_time;data/image.jpg;6;0.000040
SDP;sequential_access_time;data/image.jpg;7;0.000000
SDP;sequential_access_time;data/image.jpg;8;0.000160
SDP;sequential_access_time;data/image.jpg;9;0.000040
SDP;sequential_access_time;data/image.jpg;10;0.000090
SDP;sequential_access_time;data/image.jpg;11;0.000050
SDP;sequential_access_time;data/image.jpg;12;0.000000
SDP;sequential_access_time;data/image.jpg;13;0.000000
SDP;sequential_access_time;data/image.jpg;14;0.000050
SDP;sequential_access_time;data/image.jpg;15;0.000000
SDP;sequential_access_time;data/image.jpg;16;0.000020
SDP;sequential_access_time;data/image.jpg;17;0.000000
SDP;sequential_access_time;data/image.jpg;18;0.000000
SDP;sequential_access_time;data/image.jpg;19;0.000000
SDP;sequential_access_time;data/image.jpg;20;0.000000
SDP;sequential_access_time;data/image.jpg;21;0.000180
SDP;sequential_access_time;data/image.jpg;22;0.000000
SDP;sequential_access_time;data/image.jpg;23;0.000000
SDP;sequential_access_time;data/image.jpg;24;0.000000
SDP;sequential_access_time;data/image.jpg;25;0.000000
SDP;sequential_access_time;data/image.jpg;26;0.000000
SDP;sequential_access_time;data/image.jpg;27;0.000000
SDP;sequential_access_time;data/image.jpg;28;0.000110
